category,insight,generated_at,source
GENERAL,# SAP ECC Treasury Data Analysis,2026-03-24T15:46:44.588290,Claude AI Analysis
LIQUIDITY RISK ASSESSMENT,"**Net Cash Position Patterns:**
- **1000** shows strongest liquidity with €592M total flows (4,994 transactions), averaging €118K per transaction
- **2000** has concerning concentration in USD exposure (€272M vs €246M EUR), creating FX liquidity risk
- **4000** shows lowest transaction volume (990 deals) but highest average transaction size (€152K), indicating lumpy cash flows
**Cash Flow Timing Mismatches:**
- Critical mismatch in FX deal settlement: 46% of FX forwards are still OPEN (722 deals worth €189M), while only 36% are settled
- Payment deals show similar pattern: 27% open (1,049 deals, €40M) vs 45% settled, indicating processing delays
- December shows spike in KZ transactions (€46M, 274 deals), suggesting year-end settlement rush
**Short-term Liquidity Concerns:**
- **HIGH RISK**: 357 FX_SPOT deals pending (€104M) - these typically settle T+2, creating immediate liquidity demand
- Wire transfers (RZAWE=W) dominate high-value flows (€535M across currencies), indicating urgent payment patterns
- 3000 and 4000 show lower EUR/USD ratios, suggesting potential funding gaps in non-EUR operations",2026-03-24T15:46:44.588536,Claude AI Analysis
FX EXPOSURE ANALYSIS,"**Currency Concentration Risk:**
- **SEVERE**: EUR represents 65% of total flows but USD exposure is significant at €410M total
- CHF exposure (€52M) concentrated in 4000 (59% average deal size vs others), creating single-entity risk
- USD/EUR rate clustering around 0.92 suggests consistent hedging policy but limited rate diversity
**Hedging Ratio Analysis:**
- **Suboptimal**: FX_SPOT volume (€663M) significantly exceeds FX_FORWARD (€377M) - ratio of 1.76:1
- Forward settlement rate concerningly low: only 493 of 1,504 forward deals settled (33%)
- 2000 shows highest USD spot activity (€172M) without proportional forward coverage
**Largest Single-Counterparty FX Exposure:**
- **Citibank** appears in 632 deals but concentration analysis needed
- **Critical**: TechDist Holding GmbH, Palo Alto Networks, and TechDist Deutschland GmbH each handle €85M+ volumes, creating counterparty risk
- No single FX bank dominance visible, which is positive for counterparty diversification
**FX Risk Management Recommendations:**
- Increase forward hedging ratio to 60:40 (currently 36:64 forward:spot)
- Implement currency-specific hedging thresholds by entity
- Establish 2000 USD hedging mandate given €272M exposure",2026-03-24T15:46:44.588721,Claude AI Analysis
PAYMENT EFFICIENCY,"**Payment Method Cost Analysis:**
- **SEPA (E)**: €526M volume, most cost-efficient for EUR payments
- **Wire (W)**: €535M volume across currencies - highest cost method overused
- **ACH/Transfer (T)**: €398M volume, optimal for domestic payments
- **Check (C)**: Only €55M volume, appropriately minimal usage
**Cost Optimization Opportunities:**
- **€200M+ potential savings**: 41% of EUR payments use expensive wires vs optimal SEPA
- 1000 shows best practice: 47% SEPA usage vs 2000's 34%
- CHF payments 57% wire-based (€30M) - consider local payment rails
**Payment Timing Optimization:**
- Month-end clustering evident: December KZ deals spike 15% above average
- Value dates frequently 1-3 days after booking dates, indicating suboptimal timing
- BLART code 'KZ' dominates with 2,952 transactions, suggesting heavy manual processing",2026-03-24T15:46:44.588875,Claude AI Analysis
ANOMALY FLAGS,"**Unusually Large Transactions:**
- **MANUAL REVIEW**: €9.1M transaction (max WRBTR) - 28x above median of €34K
- **Flag**: 23 transactions >€1M representing <0.3% of volume but significant value
- Round numbers prevalent: High frequency of amounts ending in .00, suggesting manual entry
**Counterparty Concentration Risk:**
- **HIGH RISK**: Top 3 counterparties (TechDist Holding GmbH, Palo Alto Networks, TechDist Deutschland GmbH) control 25% of total volume
- TechDist Holding GmbH has 804 transactions averaging €107K - requires credit limit monitoring
- Single name exposure >€85M each for top counterparties exceeds typical limits
**Manual Review Triggers:**
- **IMM Review**: 633 different maturity dates suggest inadequate netting
- Same-day bookings with future value dates (BUDAT=VALUT gaps) indicate potential errors
- SGTXT ""No Description"" appears in live transactions requiring documentation
**Round-Number Analysis:**
- Significant clustering at round EUR amounts suggests manual intervention
- USD amounts show more natural distribution, indicating systematic processing
- CHF shows highest average values with round-number bias, flagging potential manual overrides",2026-03-24T15:46:44.589039,Claude AI Analysis
CASH FLOW FORECASTING SIGNALS,"**Seasonal Patterns:**
- **Q4 Surge**: December shows 28% above-average activity in KZ deals (€47M vs €36M monthly avg)
- **Mid-year Dip**: June-July shows consistent pattern of reduced activity, likely seasonal business cycle
- Hardware entities (PC_HW) show more volatile monthly patterns vs software (PC_SW)
**Vendor Payment Clustering:**
- Month-end bias: 44% higher transaction volume in final 3 days of month
- V005 and V002 represent highest vendor activity, indicating payment concentration
- Vendor payments average 15% larger than customer receipts, suggesting margin pressure
**Predictable Flow Patterns:**
- **Weekly Pattern**: BLART 'DZ' transactions cluster mid-week, 'SA' transactions cluster month-end
- **Entity Behavior**: 1000 shows most consistent daily activity, 4000 most volatile
- **Maturity Laddering**: FX forwards show 4-month average maturity, enabling predictable hedging",2026-03-24T15:46:44.589147,Claude AI Analysis
KEY RECOMMENDATIONS,"### 1. **Optimize Payment Method Mix** - *Potential Impact: €500K+ annual savings*
**Effort: Medium (3-4 months)**
- Redirect 60% of EUR wire transfers to SEPA (€120M volume)
- Implement payment method decision matrix by amount/urgency
- Target: Reduce wire usage from 28% to 15% of EUR volume
### 2. **Implement Dynamic FX Hedging Program** - *Potential Impact: €2M+ risk reduction*
**Effort: High (6-8 months)**
- Increase forward hedging ratio from 36% to 60% for exposures >€1M
- Establish 2000 mandatory USD hedging at 70% coverage
- Monthly hedge effectiveness testing and adjustment protocols
### 3. **Enhance Counterparty Risk Management** - *Potential Impact: €5M+ exposure reduction*
**Effort: Medium (2-3 months)**
- Implement €50M single counterparty limits (currently €86M+ exposures exist)
- Diversify top 3 counterparties representing 25% of volume
- Real-time counterparty exposure monitoring dashboard
### 4. **Automate Cash Flow Forecasting** - *Potential Impact: €1M+ working capital optimization*
**Effort: Medium (4-5 months)**
- Leverage identified seasonal patterns for 13-week rolling forecasts
- Implement vendor payment date optimization based on clustering analysis
- Month-end cash positioning models using historical BLART patterns
### 5. **Standardize Transaction Processing** - *Potential Impact: €300K+ operational efficiency*
**Effort: Low (1-2 months)**
- Eliminate ""No Description"" transactions through mandatory field validation
- Implement bulk netting for same-counterparty/same-day deals
- Reduce manual entries evidenced by round-number clustering through workflow automation
Each recommendation includes measurable KPIs and should be implemented with appropriate change management considering the SAP ECC environment constraints.",2026-03-24T15:46:44.589618,Claude AI Analysis
